{"Year":[2015,2016,2017,2018,2019,2020,2015,2016,2017,2018,2019,2020,2015,2016,2017,2018,2019,2020],"Type of residence":[null,null,null,null,null,null,"urban","urban","urban","urban","urban","urban","rural","rural","rural","rural","rural","rural"],"Value":[0.38943,0.38364,0.37535,0.38675,0.38088,0.39129,0.3664,0.363,0.35352,0.36695,0.36066,0.37532,0.43103,0.42088,0.41449,0.4223,0.41688,0.42021]}