Year,Value
2015,0.38943
2016,0.38364
2017,0.37535
2018,0.38675
2019,0.38088
2020,0.39129
