{"data":{"Year":[2015,2016,2017,2018,2019,2020,2015,2016,2017,2018,2019,2020,2015,2016,2017,2018,2019,2020],"Type of residence":[null,null,null,null,null,null,"urban","urban","urban","urban","urban","urban","rural","rural","rural","rural","rural","rural"],"Value":[0.15514,0.15208,0.14696,0.1501,0.14536,0.15884,0.14609,0.14434,0.13851,0.14246,0.13759,0.15197,0.17505,0.16898,0.16553,0.1667,0.16219,0.17388]},"edges":[]}